<?xml version="1.0" encoding="UTF-8"?>

<bookingForm>
    <reservation>
        <name>Иван</name>
        <phone>+375-29-123-45-67</phone>
        <date>2024-12-31</date>
        <time>18:00</time>
        <people>4</people>
        <comments>Просим учесть аллергию на глютен</comments>
    </reservation>
</bookingForm>
<bookingForm>
    <reservation>
        <name>Анастасия</name>
        <phone>+375-29-167-75-67</phone>
        <date>2024-10-31</date>
        <time>14:00</time>
        <people>6</people>
        <comments>Просим учесть аллергию на лактозу</comments>
    </reservation>
</bookingForm>
<bookingForm>
    <reservation>
        <name>Алёна</name>
        <phone>+375-29-798-45-67</phone>
        <date>2024-05-29</date>
        <time>10:00</time>
        <people>9</people>
        <comments>Просьб нет</comments>
    </reservation>
</bookingForm>
<bookingForm>
    <reservation>
        <name>Эдуард</name>
        <phone>+375-29-123-45-98</phone>
        <date>2025-01-01</date>
        <time>18:00</time>
        <people>2</people>
        <comments>Просим учесть ,что мы мусульмане</comments>
    </reservation>
</bookingForm>
<bookingForm>
    <reservation>
        <name>Савелий</name>
        <phone>+375-29-123-45-67</phone>
        <date>2024-08-13</date>
        <time>21:00</time>
        <people>5</people>
        <comments>Просим учесть аллергию на цитрусы</comments>
    </reservation>
</bookingForm>
<bookingForm>
    <reservation>
        <name>Алан</name>
        <phone>+375-44-455-47-67</phone>
        <date>2025-02-12</date>
        <time>17:00</time>
        <people>15</people>
        <comments>Просим учесть наличие детей</comments>
    </reservation>
</bookingForm>
<bookingForm>
    <reservation>
        <name>Инесса</name>
        <phone>+375-25-773-45-67</phone>
        <date>2024-12-31</date>
        <time>19:00</time>
        <people>4</people>
        <comments>Просьбы нет</comments>
    </reservation>
</bookingForm>
<bookingForm>
    <reservation>
        <name>Илона</name>
        <phone>+375-29-983-45-67</phone>
        <date>2024-11-21</date>
        <time>15:00</time>
        <people>4</people>
        <comments>Просим учесть наличие собаки</comments>
    </reservation>
</bookingForm>
<bookingForm>
    <reservation>
        <name>Юля</name>
        <phone>+375-29-156-45-67</phone>
        <date>2022-12-31</date>
        <time>16:00</time>
        <people>4</people>
        <comments>Просим учесть аллергию на орехи</comments>
    </reservation>
</bookingForm>
<bookingForm>
    <reservation>
        <name>Артём</name>
        <phone>+375-44-123-45-67</phone>
        <date>2024-05-29</date>
        <time>18:00</time>
        <people>4</people>
        <comments>Просьб нет</comments>
    </reservation>
</bookingForm>
