<?xml version="1.0" encoding="UTF-8"?>
<?xml-stylesheet type="text/css" href="forXML.css"?>
    <title>ИМБИРЬ</title>
 <h1 class="top">Главная</h1>   
 <h1 class="top"><a href="Меню.html">Меню</a></h1>
 <h1 class="top"><a href="Галерея.html">Галерея</a></h1>
 <h1 class="top"><a href="#niz">Как нас найти</a></h1>
 <a href="Бронирование.html"><img src="bronirovanie.png" width="200" id="bron"></a>
<img src="emblem.png" width="90" height="90" class="emblem" >
<hr color="black">
<img src="меню.svg" width="100%">
<hr id="red">
<img src="лапша.svg" width="100%">
<img src="лапша.png" width="100%">
<img src="фраааай.svg" width="100%" >
<img src="Стир-фрай.png" width="100%">
<img src="напитки.svg" width="100%">
<img src="Напитки.png" width="100%">
    <div id="susi">mnsxckzdlkbd</p>
    <div id="niz">
    <p  id="contact">Контакты </p>
    <p  id="contact">Адрес
    </p>
    <p  id="contact">График</p> 
    
    </div>
    <div id="niz">
    <div id="susi">mnsxckzdlkbd</p>
        <div id="susi">mnsxckzdlkbd</p>
    <div  id="contact2">+375 (29) 618-83-55</div>
    <div  id="contact2">г. Минск ул. Ф. Скорины, 1 </div>
    <div id="contact2">вс-чт 12:00 — 24:00 </div>
    
    </div>
    <div id="niz">
    <div  id="contact3">+375 (17) 373-83-55</div>
    <div  id="contact3">(у Национальной библиотеки)</div>
    <div id="contact3">пт-сб 12:00 — 02:00</div>
    <div id="susi">mnsxckzdlkbd</p>
        <div id="susi">mnsxckzdlkbd</p>
        </div>       
    <div id="niz">
    <img src="map.png" width="800" class="zoom">   
    <p id="niz">© Copyright imbir.by 2014-2024. Все права защищены.</p>
    
    </div>
   
